100tb,N/A,100tb.png
500px,500px（ファイブハンドレッドピクセル、five hundred pixels）とはオンライン写真コミュニティで写真撮影に関して趣味かプロフェッショナルの人たちが自身の最も良い写真をアップロードすることを奨励することを目的に、オレグ・ガットソル(Oleg Gutsol)とエフゲニー・トチェボタレフ（Evgeny Tchebotarev、イアン・ソボレフ(Ian Sobolev)としても知られる）が共同で、2009年にトロントでWeb 2.0ベンチャーとして設立した。,500px.png
6px,N/A,6px.png
adroll,N/A,adroll.png
aerospike,N/A,aerospike.png
airbnb,"Airbnb（エアビーアンドビー）は、宿泊施設・民宿を貸し出す人向けのウェブサイトである。世界192カ国の33,000の都市で80万以上の宿を提供している。2008年8月に設立された、 サンフランシスコに本社を置く、非公開会社Airbnb, Inc.により所有、運営されている。",airbnb.png
airbrake,N/A,airbrake.png
airtable,N/A,airtable.png
akamai,"アカマイ・テクノロジーズ ({{Lang-en-short|Akamai Technologies, Inc.}}, {{nasdaq|AKAM}}) は、コンテンツデリバリネットワーク (CDN) 事業、クラウドセキュリティー事業を提供する、アメリカ合衆国の企業。数学（グラフ理論等）を武器にして戦ってきた。",akamai.png
alfresco,Alfresco は、フリーソフトウェアかつオープンソースで、オープン標準の企業レベルの規模のコンテンツマネジメントシステムであり、Microsoft Windows とUnix系オペレーティングシステムで動作する。高度なモジュール性とスケーラブルな性能を特徴とする。コンテンツ・リポジトリ、ポータルサイトフレームワーク、Common Internet File System|CIFSインタフェース、ウェブアプリケーションを仮想化するWebコンテンツ管理機能、Apache Tomcat による統計サイト、Luceneによる索引、jBPMワークフローといった機能がある。Alfresco はJavaテクノロジを使って開発されている。,alfresco.png
algolia,N/A,algolia.png
amazon chime,N/A,amazon-chime.png
amazon connect,N/A,amazon-connect.png
amex,N/A,amex.png
ampersand,N/A,ampersand.png
android,Android（アンドロイド）は、Googleによってスマートフォンやタブレット (コンピュータ)|タブレットなどの携帯情報端末を主なターゲットとして開発されたプラットフォーム (コンピューティング)|プラットフォームである。カスタマイズ版Linuxカーネル、ライブラリやフレームワークその他のミドルウェア、Android Runtime|ART仮想マシン、主要なアプリケーションソフトウェア|アプリケーションからなるソフトウェアスタック（集合）パッケージで構成されている。2016年現在、スマートフォン用のオペレーティングシステム (OS) としては、世界シェア1位である。,android.png
angellist,N/A,angellist.png
angular,N/A,angular.png
ansible,N/A,ansible.png
apache cloudstack,N/A,apache_cloudstack.png
appbase,N/A,appbase.png
appcelerator,N/A,appcelerator.png
appcode,N/A,appcode.png
appdynamics,N/A,appdynamics.png
appfog,N/A,appfog.png
apphub,N/A,apphub.png
appium,N/A,appium.png
apple,{{wiktionary|apple}},apple.png
appmaker,N/A,appmaker.png
atomic,N/A,atomic.png
autoit,N/A,autoit.png
aws iam,N/A,aws-iam.png
aws lambda,N/A,aws-lambda.png
aws mobilehub,N/A,aws-mobilehub.png
aws quicksight,N/A,aws-quicksight.png
aws rds,N/A,aws-rds.png
aws route53,N/A,aws-route53.png
aws s3,N/A,aws-s3.png
babel,N/A,babel.png
backbone,N/A,backbone.png
backerkit,N/A,backerkit.png
baker street,N/A,baker-street.png
base,N/A,base.png
basecamp,Basecampは、37signalsにより開発されたウェブアプリケーション|ウェブベースのプロジェクトマネジメントツールである。Ruby on Railsで実装されている。,basecamp.png
basekit,N/A,basekit.png
bash,{{lang|en|Bash}}（バッシュ）は{{lang|en|UNIX}}で使用するシェルのひとつで、GNUプロジェクトによるプロダクトのひとつである。,bash.png
batch,N/A,batch.png
behance,N/A,behance.png
bem 2,N/A,bem-2.png
bem,N/A,bem.png
bitcoin,ビットコイン（{{Lang-en-short|bitcoin}}）とは、公共トランザクションログを利用しているオープンソースプロトコルに基づくPeer to Peer型の決済網および暗号通貨である。,bitcoin.png
bitnami,N/A,bitnami.png
bitrise,N/A,bitrise.png
blocs,N/A,blocs.png
blogger,Blogger（ブロガー）は、レンタルブログサービス。1999年にこのサービスを開始した{{仮リンク|パイララボ|en|Pyra Labs}}はサンフランシスコを拠点とする企業であったが、2003年、Googleによって買収された。,blogger.png
blossom,N/A,blossom.png
bluemix,IBM Bluemix（IBMブルーミックス）はIBMのクラウドコンピューティング|クラウドサービスのブランド名。2014年に開発者向けのPlatform as a Service|PaaSとして開始されたが、2016年10月にInfrastructure as a Service|IaaSであるSoftLayerがIBM Bluemix Infrastructureと名称変更されてブランドが統合された。,bluemix.png
blueprint,cinema staff（シネマ スタッフ）は、日本のインディーロックバンド (音楽)|バンド。2003年、岐阜県にて結成。,blueprint.png
bluetooth,ファイル:BluetoothLogo.svg|thumb|right|350px|Bluetoothのロゴ,bluetooth.png
bootstrap,N/A,bootstrap.png
bosun,N/A,bosun.png
bourbon,N/A,bourbon.png
bower,N/A,bower.png
bowtie,N/A,bowtie.png
box,BOX（ボックス）,box.png
browserling,N/A,browserling.png
buck,N/A,buck.png
buddy,Buddy,buddy.png
buffer,N/A,buffer.png
bugherd,N/A,bugherd.png
bugsee,N/A,bugsee.png
bugsnag,N/A,bugsnag.png
c++,C++（シープラスプラス）は、汎用プログラミング言語の一つである。日本では略してシープラプラ、シープラなどとも呼ばれる。,c++.png
capistrano,N/A,capistrano.png
carbide,N/A,carbide.png
chalk,N/A,chalk.png
changetip,N/A,changetip.png
cljs,N/A,cljs.png
close,N/A,close.png
cloudacademy,N/A,cloudacademy.png
cloudant,N/A,cloudant.png
cockpit,N/A,cockpit.png
codefund,N/A,codefund.png
coderwall,N/A,coderwall.png
codeschool,N/A,codeschool.png
codeship,N/A,codeship.png
codrops,N/A,codrops.png
coffeescript,N/A,coffeescript.png
component,N/A,component.png
componentkit,N/A,componentkit.png
compose,N/A,compose.png
composer,N/A,composer.png
concourse,N/A,concourse.png
concrete5,concrete5（コンクリートファイブ）は、PHP: Hypertext Preprocessor|PHP、MySQLなどで動作するオープンソースのコンテンツマネージメントシステム | コンテンツマネージメントシステム(CMS)。,concrete5.png
consul,N/A,consul.png
containership,N/A,containership.png
contentful,N/A,contentful.png
convox,N/A,convox.png
couchdb,N/A,couchdb.png
coursera,N/A,coursera.png
coveralls,N/A,coveralls.png
coverity,N/A,coverity.png
cpanel,N/A,cpanel.png
craft,N/A,craft.png
crashlytics,N/A,crashlytics.png
crateio,N/A,crateio.png
createjs,N/A,createjs.png
crittercism,N/A,crittercism.png
crossbrowsertesting,N/A,crossbrowsertesting.png
crowdprocess,N/A,crowdprocess.png
crystal,クリスタルは、日本語では指すものによってアルファベットの綴りが異なる。ここでは綴りごとに分類した上で曖昧さ回避として示す。詳細は各項目を参照すること。,crystal.png
css 3,N/A,css-3.png
css 3 official,N/A,css-3_official.png
cssnext,N/A,cssnext.png
cucumber,N/A,cucumber.png
customerio,N/A,customerio.png
cyclejs,N/A,cyclejs.png
d3,D3・D-3,d3.png
dapulse,N/A,dapulse.png
dart,Dart（ダート もしくはダーツ。当初は Dash と呼ばれていた）はグーグルによって開発されたウェブ向けのプログラミング言語である。2011年10月10日～12日に開催された デンマークのオーフスで開催された「GOTOカンファレンス」で公開された。この言語は、ウェブブラウザー組み込みのスクリプト言語であるJavaScriptの代替となることを目的に作られた。,dart.png
dashlane,N/A,dashlane.png
dat,"DAT,dat",dat.png
database labs,N/A,database-labs.png
dcos,N/A,dcos.png
debian,Debian（{{pron|ˈdɛbiən}} デビアン）またはDebian ProjectはLinuxディストリビューションのひとつであるDebian GNU/Linuxを中心とするUnix系システムのディストリビューションを作成しているプロジェクトである。名前の通り、GNUプロジェクトの精神の尊重と（そのため、一般には単に「Linux」とされることが多いような場合にも、「GNU/Linuxシステム」という呼称を積極的に使っている）、同プロジェクトによるプロダクトの積極的な採用などが特徴である。Linuxディストリビューションの他、カーネルをLinuxカーネルからGNU HurdやFreeBSDのカーネルに置き換えた、Debian GNU/HurdやDebian GNU/kFreeBSDなどがある。,debian.png
delicious burger,N/A,delicious-burger.png
delicious,N/A,delicious.png
delighted,N/A,delighted.png
dependencyci,N/A,dependencyci.png
deploy,N/A,deploy.png
deppbot,N/A,deppbot.png
derby,N/A,derby.png
designernews,N/A,designernews.png
desk,N/A,desk.png
deviantart,N/A,deviantart.png
digital ocean,N/A,digital-ocean.png
dinersclub,N/A,dinersclub.png
discord,{{en|Discord}}（ディスコード）,discord.png
discover,ディスカバー（英語：Discover）,discover.png
disqus,{{Internet-stub}},disqus.png
distelli,N/A,distelli.png
divshot,N/A,divshot.png
django,{{otheruses||その他の「DJANGO」「ジャンゴ」|ジャンゴ}},django.png
dockbit,N/A,dockbit.png
docker,Docker（ドッカー）はソフトウェアコンテナ内のアプリケーションのデプロイメントを自動化するオープンソースソフトウェアである。,docker.png
doctrine,N/A,doctrine.png
dojo,Dojo,dojo.png
dotcloud,N/A,dotcloud.png
dotnet,N/A,dotnet.png
doubleclick,N/A,doubleclick.png
dreamfactory,N/A,dreamfactory.png
dreamhost,N/A,dreamhost.png
dribbble,N/A,dribbble.png
drift,N/A,drift.png
drip,N/A,drip.png
drone,N/A,drone.png
dropbox,"Dropbox（ドロップボックス）はアメリカ合衆国|アメリカのDropbox, Inc.が提供しているオンラインストレージサービスである。オンラインストレージとローカルにある複数のコンピュータとの間でデータの共有や同期を可能とする。",dropbox.png
dropmark,N/A,dropmark.png
dropzone,N/A,dropzone.png
drupal,Drupal（ドルーパル、{{IPAc-en|pron|ˈ|d|r|uː|p|ə|l}}）は、プログラム言語PHP: Hypertext Preprocessor|PHPで記述されたフリーでオープンソースのモジュラー式フレームワークであり、コンテンツマネージメントシステム|コンテンツ管理システム (CMS) である。昨今の多くのCMSと同様に、Drupalはシステム管理者にコンテンツの作成と整理、提示方法のカスタマイズ、管理作業の自動化、ウェブサイト|サイトへの訪問者や寄稿者の管理を可能にする。,drupal.png
duckduckgo,N/A,duckduckgo.png
dyndns,N/A,dyndns.png
eager,N/A,eager.png
eclipse,エクリプス、イクリプス、エクリップス ({{lang|en|eclipse}}) は、「日食」や「食 (天文)|蝕」を意味する英語。ギリシア語で「力を失う」ことを意味する {{lang|el|εκλειπσισ}} (ékleipsis) からラテン語を経て、英語へ取り込まれた。,eclipse.png
egghead,N/A,egghead.png
elasticbox,N/A,elasticbox.png
elasticsearch,ElasticsearchはApache Lucene|Lucene基盤の分散処理マルチテナント対応検索エンジンである。オープンソースソフトウェアだが、現在はオランダ・アムステルダムに本社を置くElastic社が中心になって開発が進められている。なお「Elastic Search」といったように間に空白を入れる・「search」の頭を大文字にするといった表記は誤り（ただしVer.1.0.0リリース前にはそのような表記も混在していた）。,elasticsearch.png
electron,N/A,electron.png
elemental ui,N/A,elemental-ui.png
elementary,N/A,elementary.png
ello,N/A,ello.png
elm,N/A,elm.png
elo,N/A,elo.png
emacs,"Emacs （イーマックス、{{IPAc-en|ˈ|iː|m|æ|k|s}}）およびその派生物は、その拡張性を特徴としたテキストエディタのファミリーである。Emacsの中で最も広く使われている派生物はGNU Emacsであるが、そのマニュアルにはEmacsを「the extensible, customizable, self-documenting, real-time display editor」（拡張およびカスタマイズが可能で、自己文書化を行い、リアルタイム表示を行うエディタ）であると説明されている。最初のEmacs開発は1970年代中盤に開始され、{{as of|2017|lc=on}}も続いている。",emacs.png
embedly,N/A,embedly.png
ember tomster,N/A,ember-tomster.png
ember,N/A,ember.png
emmet,N/A,emmet.png
engine yard,N/A,engine-yard.png
envato,N/A,envato.png
eslint old,N/A,eslint-old.png
eslint,N/A,eslint.png
eta lang,N/A,eta-lang.png
etcd,N/A,etcd.png
ethereum,イーサリアム（{{Lang-en-short|Ethereum}}）は、イーサリアム・プロジェクトにより開発が進められている、分散型アプリケーション (DApps) やスマート・コントラクトを構築するためのプラットフォームの名称、及び関連するオープンソース・ソフトウェア・プロジェクトの総称である。,ethereum.png
ethnio,N/A,ethnio.png
eventbrite,"EventBriteは、主催者のイベント計画立案や価格設定を促し、フェイスブックやツイッターなど他のソーシャル・ネットワーク・サービスと連携させイベントの宣伝を行うオンラインチケットサービスである。サイト閲覧者はサイト内でもこれらイベントのチケットの購入が可能である。2006年に設立され、カリフォルニア州サンフランシスコに本社がある。主催者のチケット代金の2.5％及びチケット一枚に対し99セントの販売手数料を請求し収入源としているが、無料のイベントの場合は利用料を請求していない。<ref name=""XConomy"" />",eventbrite.png
eventsentry,N/A,eventsentry.png
expo,エキスポ（expo）とは、英語で博覧会を意味する「exposition」の略。特に日本では、国際博覧会を意味する「Universal Exposition」の略としても用いられる。,expo.png
exponent,N/A,exponent.png
express,{{注意|このページを編集される方は事前にノート:エクスプレス|ノートをご一読ください。<br />Wikipedia:曖昧さ回避|曖昧さ回避では記事名の一部しか一致しないものは（原則として）載せないことになっています。載せる場合は「単にその部分だけで呼ばれることが多い」ことを事前に確認してください。}},express.png
fabric,N/A,fabric.png
facebook,{{infobox dotcom company,facebook.png
falcor,N/A,falcor.png
famous,N/A,famous.png
fastly,N/A,fastly.png
feathersjs,N/A,feathersjs.png
fedora,Fedora（フェドラ - 英語読みは国際発音記号 {{IPAc-en|f|ɨ|ˈ|d|ɒr|.|ə}} -  ɨは非円唇中舌狭母音）は、レッドハット社が支援するコミュニティー「Fedora Project」によって開発されている、RPM Package Manager|RPM系Linuxディストリビューションである。バージョン6まではFedora Coreと呼ばれていた。特定のバージョンを指す場合は「Fedora 9」のように、バージョン番号を添えて呼ばれることもある。,fedora.png
firebase,N/A,firebase.png
firefox,{{lang|en|Mozilla Firefox}}（モジラ ファイアフォックス）は、{{lang|en|Mozilla Foundation}} が開発するオープンソース・クロスプラットフォームのウェブブラウザである。,firefox.png
flannel,N/A,flannel.png
flarum,N/A,flarum.png
flask,Flask（フラスク）は、プログラミング言語Python用の、軽量なウェブアプリケーションフレームワークである。標準で提供する機能を最小限に保っているため、自身を「マイクロフレームワーク」と呼んでいる。Werkzeug WSGIツールキットとJinja|Jinja2テンプレートエンジンを基に作られている。BSDライセンスで公開されている。,flask.png
flat ui,N/A,flat-ui.png
flattr,N/A,flattr.png
fleep,N/A,fleep.png
flexible gs,N/A,flexible-gs.png
flickr,Flickr（フリッカー）は、写真の共有を目的としたコミュニティサイトである。画像投稿サイトとして、ブログなどにも利用される事から急速に広まった。,flickr.png
flight,N/A,flight.png
flocker,N/A,flocker.png
floodio,N/A,floodio.png
flow,FLOW（フロウ）は、1998年に結成された日本の5人組ロック (音楽)|ロックバンド (音楽)|バンド。所属レーベルはキューンミュージック|Ki/oon Music、所属芸能事務所|事務所はアミューズ。,flow.png
flowxo,N/A,flowxo.png
floydhub,N/A,floydhub.png
flux,N/A,flux.png
fluxxor,N/A,fluxxor.png
flyjs,N/A,flyjs.png
fomo,N/A,fomo.png
forest,{{wiktionary}},forest.png
forever,{{Wiktionary|forever}},forever.png
formkeep,N/A,formkeep.png
foundation,N/A,foundation.png
framed,N/A,framed.png
freebsd,FreeBSD（フリービーエスディー）は、Unix系のオープンソースのオペレーティングシステム (OS) である。SCOによるSingle UNIX Specificationの認証は受けていないものの、NetBSDやOpenBSDと同じく、AT&TのUNIXから派生したBSDの子孫である。近代的なオープンソースのBSDとしてはNetBSDに次いで古く、1993年12月に最初の公式リリースである1.0が公開された。,freebsd.png
freedcamp,N/A,freedcamp.png
freedomdefined,N/A,freedomdefined.png
frontapp,N/A,frontapp.png
fsharp,N/A,fsharp.png
galliumos,N/A,galliumos.png
gaugeio,N/A,gaugeio.png
geekbot,N/A,geekbot.png
get satisfaction,N/A,get-satisfaction.png
ghost,ゴースト（{{lang-en-short|ghost}}）,ghost.png
giantswarm,N/A,giantswarm.png
git,Git（ギット<!-- ジットと読む場合も → ジットが正しくないことは[2]で明らか -->）は、プログラムのソースコードなどの変更履歴を記録・追跡するための分散型バージョン管理システムである。Linuxカーネルのソースコード管理に用いるためにリーナス・トーバルズによって開発され、それ以降ほかの多くのプロジェクトで採用されている。Linuxカーネルのような巨大プロジェクトにも対応できるように、動作速度に重点が置かれている。現在のメンテナンスは濱野純 (:en:Junio Hamano|Junio C Hamano) が担当している。,git.png
gitboard,N/A,gitboard.png
github octocat,N/A,github-octocat.png
github,GitHub（ギットハブ）はソフトウェア開発プロジェクトのためのホスティングサーバ|共有ウェブサービスであり、Gitバージョン管理システムを使用する。,github.png
gitkraken,N/A,gitkraken.png
gitlab,N/A,gitlab.png
gitter,N/A,gitter.png
gitup,N/A,gitup.png
gleam,N/A,gleam.png
glimmerjs,N/A,glimmerjs.png
glint,N/A,glint.png
gnu,"GNU（グニュー、グヌー、{{IPAc-en|audio =En-gnu.ogg|ɡ|n|uː}}<!-- /gnu:/ is not a possible English pronunciation--><ref name= ""rms-zagreb-talk"" />）とはオペレーティングシステム<ref>",gnu.png
gocd,N/A,gocd.png
google 2014,N/A,google-2014.png
google adsense,N/A,google-adsense.png
google adwords,N/A,google-adwords.png
google analytics,N/A,google-analytics.png
google cloud,N/A,google-cloud.png
google developers,N/A,google-developers.png
google drive,N/A,google-drive.png
google gmail,N/A,google-gmail.png
google photos,N/A,google-photos.png
google plus,N/A,google-plus.png
google,Google Inc.（グーグル）は、インターネット関連のサービスと製品に特化したアメリカ合衆国|アメリカの多国籍企業|多国籍テクノロジー企業である。検索エンジン、オンライン広告、クラウドコンピューティング、ソフトウェア、ハードウェア関連の事業がある。,google.png
gopher,{{redirect|ゴーファー|グラディウス (ゲーム) |ゴーファーの野望}},gopher.png
gordon,N/A,gordon.png
gradle,GradleはApache AntやApache Mavenのコンセプトに基づくオープンソースビルド (ソフトウェア)|ビルド自動化システムであり、プロジェクト設定の宣言にはApache Mavenが利用するExtensible Markup Language|XML形式ではなくGroovyベースのドメイン固有言語 (DSL) を採用している。Gradleはタスクの起動順序の決定に有向非巡回グラフ（{{lang-en-short|Directed Acyclic Graph}}、DAG）を利用する。,gradle.png
grails,Grails （グレイルズ）は、プログラミング言語 Groovy を使用するオープンソースのWebアプリケーションフレームワーク。Grails や Groovy はJavaプラットフォーム上で動作する。「設定より規約 (convention over configuration)」というパラダイムにより高い生産性を実現し、スタンドアロンの開発環境を提供しつつ、開発者からはその設定の詳細を隠蔽している。,grails.png
grape,N/A,grape.png
graphcool,N/A,graphcool.png
graphene,N/A,graphene.png
graphql,N/A,graphql.png
gratipay,N/A,gratipay.png
grav,N/A,grav.png
gravatar,N/A,gravatar.png
graylog,N/A,graylog.png
groovehq,N/A,groovehq.png
grove,N/A,grove.png
grunt,N/A,grunt.png
gulp,N/A,gulp.png
gunicorn,N/A,gunicorn.png
gusto,N/A,gusto.png
gwt,N/A,gwt.png
hack,ハック,hack.png
hacker one,N/A,hacker-one.png
hadoop,{{FLOSS-stub}},hadoop.png
haml,N/A,haml.png
handlebars,N/A,handlebars.png
hapi,N/A,hapi.png
harrow,ハロー,harrow.png
hashnode,N/A,hashnode.png
haskell,{{lang|en|Haskell}}（ハスケル）は評価戦略#正格でない評価|非正格な評価を特徴とする関数型言語|純粋関数型プログラミング言語である。名称は数学者であり論理学者であるハスケル・カリーに由来する。,haskell.png
hasura,N/A,hasura.png
haxe,Haxe（ヘックス、発音記号は /heks/）はオープンソースの高級プログラミング言語、もしくはそのコンパイラである。,haxe.png
haxl,N/A,haxl.png
hbase,N/A,hbase.png
heap,N/A,heap.png
helpscout,N/A,helpscout.png
heroku redis,N/A,heroku-redis.png
heroku,"Heroku（へろく）は2007年創業のアメリカ合衆国の企業。また、同社が開発と運営を行っているPaaSの名称でもある<ref name=""ascii20101210""/>。2010年にはセールスフォース・ドットコムに買収された<ref name=""ascii20101210""/>。",heroku.png
heron,N/A,heron.png
hexo,N/A,hexo.png
hhvm,N/A,hhvm.png
hibernate,Hibernate は、Java のためのオブジェクト関係マッピング (ORM) ライブラリであり、オブジェクト指向プログラミング|オブジェクト指向のドメインモデルを関係データベースにマッピングするためのフレームワークを提供する。Hibernate は、永続性 (計算機科学)|永続性に関わるデータベースアクセスを直接高レベルなオブジェクト操作機能に置換することでオブジェクト指向と関係モデルの不整合を解決する。,hibernate.png
highcharts,N/A,highcharts.png
hipchat,N/A,hipchat.png
hipercard,N/A,hipercard.png
hoa,N/A,hoa.png
hoodie,N/A,hoodie.png
horizon,ホライズン、またはホライゾン（英語：horizon）,horizon.png
hosted graphite,N/A,hosted-graphite.png
hostgator,N/A,hostgator.png
houndci,N/A,houndci.png
html 5,N/A,html-5.png
html5 boilerplate,N/A,html5-boilerplate.png
hubspot,N/A,hubspot.png
humongous,N/A,humongous.png
hyperdev,N/A,hyperdev.png
ieee,N/A,ieee.png
ifttt,N/A,ifttt.png
imagemin,N/A,imagemin.png
immutable,N/A,immutable.png
impala,N/A,impala.png
importio,N/A,importio.png
infer,N/A,infer.png
inferno,インフェルノ（Inferno）は、普通名詞で、一般には地獄をさす。,inferno.png
influxdb,N/A,influxdb.png
ink,N/A,ink.png
instagram,Instagram（インスタグラム）は、無料の写真共有アプリケーションソフトウェアである。,instagram.png
intellij idea,N/A,intellij-idea.png
intercom,N/A,intercom.png
internetexplorer,N/A,internetexplorer.png
invision,N/A,invision.png
io,"IO, io",io.png
ionic,N/A,ionic.png
ios,N/A,ios.png
iron,SRWare Iron（エスアールウェア アイアン）は、ドイツ・SRWare社製のウェブブラウザ。,iron.png
itsalive,N/A,itsalive.png
jade,Jade（ジェイド、本名非公表、10月13日 - ）は、日本の女性歌手。ABO式血液型|血液型ABO式血液型|O型。,jade.png
jasmine,『Jasmine』（じゃすみん）は、2001年5月にリリースされた西城秀樹|西城西城秀樹|秀樹の83枚目のシングルである。,jasmine.png
java,Java（ジャバ）は、狭義ではプログラミング言語Javaを指し、広義では言語仕様以外にも、仕様が与えられているJavaクラスライブラリやJava仮想マシン、さらにはJava Development Kit|JDKやJava Runtime Environment|JREなどの公式のものをはじめとする、場合によってはサードパーティのものなどを含め曖昧にJavaプラットフォームと総称されるようなものなどのエコシステムなどを指すこともある。構文についてはJavaの文法の記事を参照。,java.png
javascript,{{WikipediaPage|ウィキペディアにおけるJavaScriptの使用についてはWikipedia:カスタムJSをご覧ください。}},javascript.png
jcb,N/A,jcb.png
jekyll,N/A,jekyll.png
jelastic,N/A,jelastic.png
jenkins,JenkinsとはJavaで書かれたオープンソース継続的インテグレーションツールである。このプロジェクトはHudsonからフォーク (ソフトウェア開発)|フォークされた。オラクル (企業)|オラクルが2010年12月にHudsonの商標を登録したことによるものである。,jenkins.png
jest,N/A,jest.png
jetbrains,N/A,jetbrains.png
jhipster,N/A,jhipster.png
jira,N/A,jira.png
joomla,Joomla!（ジュームラ）はオープンソース、フリーソフトウェアのコンテンツマネージメントシステムである。,joomla.png
jquery mobile,N/A,jquery-mobile.png
jquery,N/A,jquery.png
jruby,N/A,jruby.png
jsbin,N/A,jsbin.png
jscs,N/A,jscs.png
jsdelivr,N/A,jsdelivr.png
jsfiddle,N/A,jsfiddle.png
json,N/A,json.png
jspm,N/A,jspm.png
juju,N/A,juju.png
kafka,N/A,kafka.png
kallithea,N/A,kallithea.png
karma,{{otheruses||その他|カルマ (曖昧さ回避)}},karma.png
keen,N/A,keen.png
kemal,N/A,kemal.png
keycdn,N/A,keycdn.png
keymetrics,N/A,keymetrics.png
keystonejs,N/A,keystonejs.png
khan academy,N/A,khan_academy.png
kickstarter,Kickstarterとは2009年に設立されたアメリカ合衆国の民間営利企業で、自社のウェブサイトにおいてクリエイティブなプロジェクトに向けてクラウドファンディングによる資金調達を行う手段を提供している。,kickstarter.png
kinto,N/A,kinto.png
kinvey,N/A,kinvey.png
kirby,,kirby.png
kissmetrics monochromatic,N/A,kissmetrics-monochromatic.png
kissmetrics,N/A,kissmetrics.png
kitematic,N/A,kitematic.png
kloudless,N/A,kloudless.png
knex,N/A,knex.png
knockout,N/A,knockout.png
kong,N/A,kong.png
kontena,N/A,kontena.png
kore,N/A,kore.png
koreio,N/A,koreio.png
kotlin,{{lang|fi|Kotlin}}（コトリン）は、ジェットブレインズ社のアンドリー・ブレスラフ、ドミトリー・ジェメロフが開発した、静的型付けのオブジェクト指向プログラミング言語である。,kotlin.png
kraken,N/A,kraken.png
krakenjs,N/A,krakenjs.png
kubernets,N/A,kubernets.png
laravel,Laravel<!-- ララヴェル --> は、Model View Controller|MVCのウェブアプリケーション|Webアプリケーション開発用の無料・オープンソースのPHP: Hypertext Preprocessor|PHPで書かれたWebアプリケーションフレームワークである。LaravelはMIT License|MITライセンスの下でリリースされており、そのソースコードはGitHubにホスティングサーバ|ホスティングされている。マイクロソフトの.NET Framework|.NETの開発に関わっていたTaylor Otwell が開発した。<br/>,laravel.png
lastfm,N/A,lastfm.png
lateral,N/A,lateral.png
launchkit,N/A,launchkit.png
launchrock,N/A,launchrock.png
leafjet,N/A,leafjet.png
leankit,N/A,leankit.png
less,{{otheruses||スタイルシート言語|LESS}},less.png
letsencrypt,N/A,letsencrypt.png
leveldb,N/A,leveldb.png
librato,N/A,librato.png
liftweb,N/A,liftweb.png
lighttpd,"lighttpd （ライトティーピーディー; ""Lighty""とも呼ばれる）は高速性の重視される環境に最適化された、安全・高速で標準に準拠し、柔軟であることを指向して設計されたWebサーバである。",lighttpd.png
linkedin,{{infobox dotcom company,linkedin.png
linkerd,N/A,linkerd.png
linode,N/A,linode.png
linux mint,N/A,linux-mint.png
litmus,N/A,litmus.png
loader,N/A,loader.png
locent,N/A,locent.png
lodash,N/A,lodash.png
logentries,N/A,logentries.png
loggly,N/A,loggly.png
logmatic,N/A,logmatic.png
lookback,N/A,lookback.png
looker,N/A,looker.png
loopback,N/A,loopback.png
losant,N/A,losant.png
lotus,ロータス (lotus) ,lotus.png
lua,{{WikipediaPage|ウィキペディアにおけるLuaの利用はWikipedia:Luaをご覧ください。}},lua.png
lucene.net,N/A,lucene.net.png
lucene,Apache Lucene（アパッチ ルシーン）は、Javaで記述された全文検索ソフトウェアである。あらかじめ蓄積した大量のデータから、指定したキーワードを探し出す機能を持つ。Javaのクラスライブラリとして提供される。,lucene.png
lumen,N/A,lumen.png
lynda,N/A,lynda.png
macosx,N/A,macosx.png
maestro,マエストロ（イタリア語およびスペイン語：maestro、Maestro）,maestro.png
mageia,"Mageia（マギア、{{IPA-fr|maʒeja}}）はLinuxカーネル|Linuxベースのオペレーティングシステムで、FLOSS|フリーなオープンソースソフトウェアとして配布される。MageiaはMandriva LinuxLinuxディストリビューション|ディストリビューションのフォーク (ソフトウェア開発)|フォークである<ref name=""theinquirer-1"">{{cite web",mageia.png
magento,N/A,magento.png
magneto,N/A,magneto.png
mailchimp freddie,N/A,mailchimp-freddie.png
mailchimp,N/A,mailchimp.png
maildeveloper,N/A,maildeveloper.png
mailgun,N/A,mailgun.png
mandrill shield,N/A,mandrill-shield.png
mandrill,N/A,mandrill.png
manifoldjs,N/A,manifoldjs.png
mantl,N/A,mantl.png
maps me,N/A,maps-me.png
mapzen,N/A,mapzen.png
mariadb,N/A,mariadb.png
marionette,N/A,marionette.png
markdown,{{lang|en|Markdown}}（マークダウン）は、文書を記述するための軽量マークアップ言語のひとつである。本来はプレーンテキスト形式で手軽に書いた文書からHTMLを生成するために開発されたものである。しかし、現在ではHTMLのほかパワーポイント形式やLaTeX|{{LaTeX}}形式のファイルへ変換するソフトウェア（コンバータ）も開発されている。各コンバータの開発者によって多様な拡張が施されるため、各種の方言 (プログラミング言語)|方言が存在する。,markdown.png
marko,N/A,marko.png
marvel,マーベル(Marvel、Marvell),marvel.png
mastercard,N/A,mastercard.png
material ui,N/A,material-ui.png
materializecss,N/A,materializecss.png
mattermost,N/A,mattermost.png
maxcdn,N/A,maxcdn.png
mdn,N/A,mdn.png
meanio,N/A,meanio.png
medium,ミディアムは、ラテン語''medium''の英語読みで、中間や媒体など「間にあるもの」や「媒介するもの」を指す。ラテン語での発音はメディウムと表記される場合が多い。英語では概ね''middle''にあたるが、''medium''もそのまま使われている。同様に''medium''というラテン語の綴りをそのまま取り入れて用いている言語は英語以外にも多いが、読み（発音）については英語読みのように各言語の発音法によっている場合が多い。そのため日本においては、個々の''medium''の用例がどの言語を経由してきたかや、翻訳・記述がなされた時期によって、「ミディアム」や「メディウム」とは異なる読み方やカナ表記（メジウムやメヂウム、メディアム、メディアなど）がなされている場合も多い。,medium.png
memcached,memcached は、汎用の分散型メモリキャッシュシステムである。,memcached.png
memsql,N/A,memsql.png
mention,N/A,mention.png
mercurial,{{infobox Software,mercurial.png
mern,N/A,mern.png
mesos,N/A,mesos.png
mesosphere,N/A,mesosphere.png
message.io,N/A,message.io.png
metabase,N/A,metabase.png
meteor,Meteor（メテオ）はアダルトゲームブランド。,meteor.png
microsoft edge,N/A,microsoft-edge.png
microsoft windows,N/A,microsoft-windows.png
microsoft,マイクロソフト（{{Lang-en-short|Microsoft Corporation}}）は、アメリカ合衆国ワシントン州に本社を置く、ソフトウェアを開発・販売する会社である。1975年4月4日にビル・ゲイツとポール・アレンらによって設立された。,microsoft.png
middleman,N/A,middleman.png
milligram,N/A,milligram.png
mist,== mist / Mist ==,mist.png
mithril,N/A,mithril.png
mixmax,N/A,mixmax.png
mixpanel,N/A,mixpanel.png
mobx,N/A,mobx.png
mocha,N/A,mocha.png
mockflow,N/A,mockflow.png
modernizr,N/A,modernizr.png
modulus,N/A,modulus.png
modx,"MODX（モドエックス,モッドエックス）とは、MODX LLCまたはMODX JAPANによって開発されているコンテンツマネージメントシステム(CMS)の一種で、そのシリーズの総称を指す。PHP (プログラミング言語)|PHPおよびMySQL環境にて動作する。",modx.png
momentjs,N/A,momentjs.png
monero,Monero（モネロ）とはPeer to Peer型の暗号通貨である。,monero.png
mongodb,N/A,mongodb.png
mongolab,N/A,mongolab.png
mono,モノ,mono.png
mootools,N/A,mootools.png
morpheus,Morpheus(モーフィアス)はアメリカ合衆国|米StreamCast Networks社の提供するMicrosoft Windows|Windows用のP2Pクライアント (コンピュータ)|クライアント。,morpheus.png
mozilla,<!-- {{lang|en|〜}} はウェブ・アクセシビリティのために付加されています。除去しないで下さい。利用者‐会話:210.131.140.214 をごらんください。-->,mozilla.png
mysql,N/A,mysql.png
myth,『ミス』（''Myth''）とはアメリカ合衆国|アメリカのゲーム制作会社・Bungie Software(現バンジー (ゲーム会社)|バンジー)が開発したコンピューターゲームのシリーズ。3Dで表現されたフィールドにおける戦略性の高い戦闘と、過激な暴力描写、重厚なストーリー設定が特徴である。,myth.png
namecheap,N/A,namecheap.png
nanonets,N/A,nanonets.png
nativescript,N/A,nativescript.png
neat,N/A,neat.png
neo4j,Neo4jはJavaで実装された、 オープンソースの最も人気のあるグラフデータベースである。,neo4j.png
neonmetrics,N/A,neonmetrics.png
neovim,N/A,neovim.png
netbeans,N/A,netbeans.png
netlify,N/A,netlify.png
netuitive,N/A,netuitive.png
new relic,N/A,new-relic.png
nginx,"nginx（「エンジンエックス」のように発音）は、FLOSS|フリーかつオープンソースなWebサーバである。処理性能・高い並行性・メモリ使用量の小ささに焦点を当てて開発されており、HTTP, HTTPS, SMTP, POP3, IMAPのリバースプロキシの機能や、ロードバランサ、HTTPキャッシュの機能も持つ。",nginx.png
nightwatch,N/A,nightwatch.png
nodal,N/A,nodal.png
node sass,N/A,node-sass.png
nodebots,N/A,nodebots.png
nodejitsu,N/A,nodejitsu.png
nodejs,N/A,nodejs.png
nodemon,N/A,nodemon.png
nodewebkit,N/A,nodewebkit.png
nomad,N/A,nomad.png
noysi,N/A,noysi.png
npm 2,N/A,npm-2.png
npm,N/A,npm.png
nuclide,N/A,nuclide.png
nuodb,N/A,nuodb.png
oauth,N/A,oauth.png
ocaml,OCaml（{{IPAc-en|oʊ|ˈ|k|æ|m|əl}} {{respell|oh|KAM|əl}}、オーキャムル、オーキャメル）は、フランスの {{lang|fr|INRIA}} が開発したML (プログラミング言語)|プログラミング言語MLの方言とその実装である。MLの各要素に加え、オブジェクト指向的要素の追加が特長である。かつては {{lang|en|Objective Caml}} という名前で、その略として {{lang|en|OCaml}} と広く呼ばれていたが、正式に {{lang|en|OCaml}} に改名された。,ocaml.png
olapic,N/A,olapic.png
olark,N/A,olark.png
onesignal,N/A,onesignal.png
opbeat,N/A,opbeat.png
open graph,N/A,open-graph.png
opencart,N/A,opencart.png
opencollective,N/A,opencollective.png
opencv,N/A,opencv.png
opengl,OpenGL（オープンジーエル、Open Graphics Library）は、クロノス・グループ ({{lang-en-short|Khronos Group}}) が策定している、グラフィックスハードウェア向けの2次元/3次元コンピュータグラフィックスApplication Programming Interface|APIである。SGI社内で自社のCGワークステーション向けにクローズドに策定されたAPI仕様が改良されて公開され、後に大きなシェアを持つに至った。現在は多様な描画デバイスを包括するグラフィックスAPIのオープン標準規格として策定が行なわれている。,opengl.png
openlayers,N/A,openlayers.png
openshift,N/A,openshift.png
opensource,N/A,opensource.png
openstack,N/A,openstack.png
opera,Opera（オペラ）は、ノルウェーのソフトウェア開発会社、オペラ・ソフトウェア (Opera Software ASA) によって製作されているウェブブラウザである。Operaは2016年奇虎360に6億アメリカドルで売却された。,opera.png
opsee,N/A,opsee.png
opsgenie,N/A,opsgenie.png
opsmatic,N/A,opsmatic.png
optimizely,N/A,optimizely.png
oracle,オラクル (Oracle),oracle.png
oreilly,N/A,oreilly.png
origami,おりがみ、折紙、折り紙、折形、おりがた,origami.png
origin,{{About|グラフ作成・データ解析用ソフト|コンテンツ配信プラットフォーム|Origin (デジタル配信プラットフォーム)|その他の用法|オリジン (曖昧さ回避)}},origin.png
oshw,N/A,oshw.png
osquery,N/A,osquery.png
otto,N/A,otto.png
pagekit,N/A,pagekit.png
pagekite,N/A,pagekite.png
panda,N/A,panda.png
parse,N/A,parse.png
parsehub,N/A,parsehub.png
passbolt,N/A,passbolt.png
passport,N/A,passport.png
patreon,Patreonとは主にYouTubeコンテンツ製作者、ミュージシャン、ウェブコミック作者向けのクラウドファンディングプラットフォームである。作者は自身のファンやパトロンから定期的に、もしくは作品ごとに寄付を募ることが可能である。サンフランシスコに本社を置いており、2013年にミュージシャンの{{仮リンク|ジャック・コンテ|en|Jack Conte}}と技術者のサム・ヤムが設立した。,patreon.png
paypal,PayPal Holdings Inc.（ペイパル、{{Nasdaq|PYPL}}）は、電子メールアカウントとインターネットを利用した決済サービスを提供するアメリカ合衆国|アメリカの企業である。PayPal口座間やクレジットカードでの送金や入金を行う。,paypal.png
peer5,N/A,peer5.png
pepperoni,N/A,pepperoni.png
percona,N/A,percona.png
percy,N/A,percy.png
perf rocks,N/A,perf-rocks.png
periscope,Periscope（ペリスコープ）は、アメリカのTwitterが開発したライブ配信が出来るアプリである。,periscope.png
perl,Perl（パール）とは、ラリー・ウォールによって開発されたプログラミング言語である。実用性と多様性を重視しており、C言語やsed (コンピュータ)|sed、AWK|awk、シェル#シェルスクリプト|シェルスクリプトなど他のプログラミング言語の優れた機能を取り入れている。ウェブ・アプリケーション、システム管理、テキスト処理などのプログラムを書くのに広く用いられている。,perl.png
phalcon,N/A,phalcon.png
phoenix,N/A,phoenix.png
phonegap bot,N/A,phonegap-bot.png
phonegap,N/A,phonegap.png
php,PHP,php.png
phpstorm,N/A,phpstorm.png
picasa,Picasa（ピカサ）は、グラフィックソフトウェア|デジタル写真管理ソフトウェアである。,picasa.png
pingdom,N/A,pingdom.png
pinterest,"Pinterest（ピンタレスト）は、掲示板|ピンボード風の{{仮リンク|写真共有|en|photo sharing}}ウェブサイトでユーザーはイベント、興味のあること、趣味などテーマ別の画像コレクションを作成し管理することができる。また、他のピンボードを閲覧して自身のコレクションか「好み」の写真として画像を「リピン」することもできる。アイオワ州{{仮リンク|ウェストデモイン (アイオワ州)|en|West Des Moines, Iowa|label=ウェストデモイン}}のベン・シルバーマン、ポール・シャッラ、エバン・シャープが創設し、インベンターと投資家の小規模集団が出資したCold Brew Labsが管理している。",pinterest.png
pipedrive,N/A,pipedrive.png
pipefy,N/A,pipefy.png
pivotal tracker,N/A,pivotal_tracker.png
pixate,N/A,pixate.png
pixelapse,N/A,pixelapse.png
plastic scm,N/A,plastic-scm.png
platformio,N/A,platformio.png
play,== PLAY ==,play.png
pm2,N/A,pm2.png
podio,N/A,podio.png
polymer,N/A,polymer.png
positionly,N/A,positionly.png
postcss,N/A,postcss.png
postgresql,N/A,postgresql.png
pouchdb,N/A,pouchdb.png
preact,N/A,preact.png
precursor,N/A,precursor.png
prestashop,N/A,prestashop.png
presto,N/A,presto.png
processwire,N/A,processwire.png
productboard,N/A,productboard.png
producteev,N/A,producteev.png
producthunt,N/A,producthunt.png
progress,"プログレス（Progress, Прогресс）は、英語、ロシア語などで「進歩」を意味する。以下の名称にも使用される。",progress.png
prometheus,N/A,prometheus.png
promises,N/A,promises.png
proofy,N/A,proofy.png
prospect,N/A,prospect.png
protactor,N/A,protactor.png
protoio,N/A,protoio.png
protonet,N/A,protonet.png
prott,N/A,prott.png
pug,N/A,pug.png
pumpkindb,N/A,pumpkindb.png
puppet,N/A,puppet.png
puppy linux,N/A,puppy-linux.png
pushbullet,N/A,pushbullet.png
pusher,N/A,pusher.png
pycharm,N/A,pycharm.png
python,Python（パイソン）は、汎用のプログラミング言語である。コードがシンプルで扱いやすく設計されており、C言語などに比べて、さまざまなプログラムを分かりやすく、少ないコード行数で書けるといった特徴がある。,python.png
pyup,N/A,pyup.png
q,N/A,q.png
qordoba,N/A,qordoba.png
qt,N/A,qt.png
quay,N/A,quay.png
quobyte,N/A,quobyte.png
quora,"{{翻訳直後|1=[https://en.wikipedia.org/w/index.php?title=Quora&oldid=546666735 英語版03:49, 24 March 2013(UTC)]|date=2013年4月}}",quora.png
r lang,N/A,r-lang.png
rabbitmq,N/A,rabbitmq.png
rackspace,N/A,rackspace.png
rails,Ruby on Rails（ルビーオンレイルズ）は、オープンソースのWebアプリケーションフレームワークである。RoRまたは単にRailsと呼ばれる。その名にも示されているようにRubyで書かれている。またModel View Controller（MVC）アーキテクチャに基づいて構築されている。,rails.png
ramda,N/A,ramda.png
raml,N/A,raml.png
rancher,N/A,rancher.png
randomcolor,N/A,randomcolor.png
raphael,"ラファエル（Raphael, Rafael, {{lang-fr-short|Raphaël}}）",raphael.png
raspberry pi,N/A,raspberry-pi.png
rax,N/A,rax.png
react router,N/A,react-router.png
react,N/A,react.png
reactivex,N/A,reactivex.png
reapp,N/A,reapp.png
recast.ai,N/A,recast.ai.png
reddit,reddit（レディット）は英語圏のウェブサイト。ニュース記事、画像のリンクやテキストを投稿し、コメントをつけることが可能。,reddit.png
redhat,N/A,redhat.png
redis,Redisは、データ構造サーバーを実装するオープンソースソフトウェアプロジェクトである。いわゆるNoSQLデータベースの一つであり、{{仮リンク|Redis Labs|en|Redis Labs}}がスポンサーとなって開発されている。ネットワーク接続されたインメモリデータベースでかつ{{仮リンク|キー・バリュー型データベース|en|Key-value database}}であり、オプションとして永続性を持つ。,redis.png
redsmin,N/A,redsmin.png
redspread,N/A,redspread.png
redux observable,N/A,redux-observable.png
redux,N/A,redux.png
refactor,N/A,refactor.png
reindex,N/A,reindex.png
relay,N/A,relay.png
remergr,N/A,remergr.png
require,N/A,require.png
rest li,N/A,rest-li.png
rest,N/A,rest.png
rethinkdb,N/A,rethinkdb.png
riak,Riak は Amazon.com|Amazon Amazon DynamoDB|Dynamo の論文  に基づいて実装されている NoSQL データベース。読み方は「リアック」。,riak.png
riot,N/A,riot.png
rkt,N/A,rkt.png
rocket chat,N/A,rocket-chat.png
rocksdb,N/A,rocksdb.png
rollbar,N/A,rollbar.png
rollupjs,N/A,rollupjs.png
rsa,N/A,rsa.png
rsmq,N/A,rsmq.png
rubocop,N/A,rubocop.png
ruby,{{otheruses|プログラミング言語|「ルビー」・「ルビ」の他の使い方|ルビー (曖昧さ回避)}},ruby.png
rubygems,N/A,rubygems.png
rubymine,N/A,rubymine.png
rum,N/A,rum.png
run above,N/A,run-above.png
runnable,N/A,runnable.png
runscope,N/A,runscope.png
rust,ルスト (Rust) は、ドイツ語圏の地名、姓。,rust.png
safari,Safari（サファリ）は、アップル (企業)|アップルにより開発されているウェブブラウザ。macOS標準のウェブブラウザとしてMac OS X v10.3より搭載されている。iPhone、iPod touch、iPadのiOS (アップル)|iOSプラットフォーム向けにmacOS用からカスタマイズされたSafariが標準ウェブブラウザとして搭載されている。,safari.png
sagui,N/A,sagui.png
sails,N/A,sails.png
salesforce,セールスフォース・ドットコム（{{lang-en-short|salesforce.com}}）は、米国カリフォルニア州に本社を置く、顧客関係管理（CRM）ソリューションを中心としたクラウドコンピューティング・サービスの提供企業である。ビジネスアプリケーションおよびクラウドプラットフォームをインターネット経由で提供している。1999年3月に、マーク・ベニオフにより設立された。翌2000年4月には、日本法人である株式会社セールスフォース・ドットコムが設立されている。,salesforce.png
saltstack,N/A,saltstack.png
sameroom,N/A,sameroom.png
sass doc,N/A,sass-doc.png
sass,{{ infobox programming language,sass.png
saucelabs,N/A,saucelabs.png
scala,Scala（スカラ({{respell|SKAH|lah}}）はオブジェクト指向言語と関数型言語の特徴を統合したマルチパラダイムのプログラミング言語である。名前の「{{lang|en|Scala}}」は英語の「{{lang|en|scalable language}}」に由来するものである。,scala.png
scaphold,N/A,scaphold.png
scribd,Scribdは、文書共有ウェブサービス及びサービス運営企業名である。幅広いファイルフォーマットに対応しており、類似サービスとしてはSlideShare、Docstoc、edocr、WePapers、Issuuがある。,scribd.png
sectionio,N/A,sectionio.png
segment,N/A,segment.png
semantic ui,N/A,semantic-ui.png
semaphore,N/A,semaphore.png
sencha,N/A,sencha.png
sendgrid,N/A,sendgrid.png
seneca,N/A,seneca.png
sensu,N/A,sensu.png
sentry,N/A,sentry.png
sequelize,N/A,sequelize.png
serveless,N/A,serveless.png
sherlock,シャーロック (Sherlock),sherlock.png
shields,N/A,shields.png
shipit,N/A,shipit.png
shippable,N/A,shippable.png
shogun,N/A,shogun.png
shopify,N/A,shopify.png
sidekick,N/A,sidekick.png
sidekiq,N/A,sidekiq.png
sinatra,Sinatra（シナトラ）は、Rubyで作成されたオープンソースのWebアプリケーションフレームワークである。2007年に公開された。,sinatra.png
siphon,N/A,siphon.png
sitepoint,N/A,sitepoint.png
sketch,N/A,sketch.png
sketchapp,N/A,sketchapp.png
skylight,N/A,skylight.png
skype,{{雑多な内容の箇条書き|date=2010年10月}},skype.png
slack,Slack（スラック）は、{{仮リンク|スチュワート・バターフィールド|en|Stewart Butterfield}}によって開発されたチームコミュニケーションツール。オンラインゲーム「{{仮リンク|Glitch|en|Glitch (video game)}}」の開発に使われた、{{仮リンク|Tiny Speck|en|Tiny Speck}}社の社内ツールがその始まりである。<ref name=Tam>{{Citation,slack.png
slides,N/A,slides.png
slim,N/A,slim.png
smashingmagazine,N/A,smashingmagazine.png
snupps,N/A,snupps.png
snyk,N/A,snyk.png
socket.io,N/A,socket.io.png
solr,Solr（ソーラー）は、オープンソースの全文検索システム。Apacheソフトウェア財団のLuceneプロジェクトのサブプロジェクトとして開発されている。,solr.png
soundcloud,N/A,soundcloud.png
sourcegraph,N/A,sourcegraph.png
sourcetree,N/A,sourcetree.png
spark,N/A,spark.png
sparkcentral,N/A,sparkcentral.png
sparkpost,N/A,sparkpost.png
speakerdeck,N/A,speakerdeck.png
spring,{{wikt|スプリング|spring}},spring.png
sqldep,N/A,sqldep.png
sqlite,{{複数の問題,sqlite.png
square,{{wiktionarypar|square}},square.png
squarespace,N/A,squarespace.png
stackoverflow,N/A,stackoverflow.png
stackshare,N/A,stackshare.png
stacksmith,N/A,stacksmith.png
stash,N/A,stash.png
statuspage,N/A,statuspage.png
steam,{{出典の明記|date=2013年12月}},steam.png
steemit,SteemitはブロックチェーンデータベースSteem上でブログやソーシャル・ネットワークを展開するソーシャルニュースサービスである。,steemit.png
steroids,N/A,steroids.png
stetho,N/A,stetho.png
stickermule,N/A,stickermule.png
stoplight,N/A,stoplight.png
stormpath,N/A,stormpath.png
strider,N/A,strider.png
stripe,{{Wiktionary|stripe}},stripe.png
strongloop,N/A,strongloop.png
struts,Apache Struts（アパッチ・ストラッツ）は、Apacheソフトウェア財団のApache Strutsプロジェクトにて開発されているオープンソースのJava Webアプリケーションフレームワークである。,struts.png
styleci,N/A,styleci.png
stylelint,N/A,stylelint.png
stylus,N/A,stylus.png
subversion,{{infobox Software,subversion.png
sugarss,N/A,sugarss.png
supergiant,N/A,supergiant.png
supersonic,N/A,supersonic.png
supportkit,N/A,supportkit.png
surge,N/A,surge.png
survicate,N/A,survicate.png
suse,N/A,suse.png
susy,N/A,susy.png
swift,"スイフト、スウィフト（英語 swift, SWIFT）の原義は、「速い」。転じて英語圏の姓など。",swift.png
swiftype,N/A,swiftype.png
symfony,Symfony は Model View Controller (MVC) パラダイムに従ったWebアプリケーションフレームワークで、PHP: Hypertext Preprocessor|PHPで書かれている。symfony-project.com というサイトは2005年10月18日に立ち上げられた。,symfony.png
sysdig,N/A,sysdig.png
t3,"T3, T-3",t3.png
taiga,N/A,taiga.png
targetprocess,N/A,targetprocess.png
tastejs,N/A,tastejs.png
teamgrid,N/A,teamgrid.png
teamwork,N/A,teamwork.png
tectonic,N/A,tectonic.png
terminal,ターミナル（英語：terminal）,terminal.png
terraform,N/A,terraform.png
testlodge,N/A,testlodge.png
testmunk,N/A,testmunk.png
thimble,N/A,thimble.png
titon,N/A,titon.png
todoist,{{孤立|date=2015年9月}},todoist.png
todomvc,N/A,todomvc.png
tomcat,トムキャット (Tomcat),tomcat.png
torus,N/A,torus.png
traackr,N/A,traackr.png
trac,<!--,trac.png
trace,N/A,trace.png
travis ci monochrome,N/A,travis-ci-monochrome.png
travis ci,N/A,travis-ci.png
treasuredata,N/A,treasuredata.png
treehouse,N/A,treehouse.png
trello,TrelloはFog Creek Softwareが2011年に開発したウェブアプリケーションである。2014年に分社した。,trello.png
tsu,N/A,tsu.png
tsuru,N/A,tsuru.png
tumblr,"Tumblr（タンブラー）は、メディアミックスブログサービス。ブログとミニブログ、そしてソーシャルブックマークを統合したマイクロブログサービスである。アメリカのDavidville.inc（現: Tumblr, Inc.）により2007年3月1日にサービスが開始された。",tumblr.png
tunein,TuneIn Radio（チューンインラジオ）とは、ラジオ放送やポッドキャストなどをネット配信するウェブサービスである。,tunein.png
turret,N/A,turret.png
tutsplus,N/A,tutsplus.png
tutum,N/A,tutum.png
tux,{{otheruses||携帯電話の電波方式|TACS|中古車店|タックス本部}},tux.png
twilio,N/A,twilio.png
twitch,Twitch（ツイッチ）は、Amazon.com が提供するライブ配信|ライブストリーミング配信プラットフォームである。2011年6月に総合的なライブストリーミング配信サイト Justin.tv から、コンピュータゲームに特化したプラットフォームとして派生して立ち上げられた。対象となるジャンルはゲームの実況プレイ、エレクトロニック・スポーツ|e-Sports大会やその他コンピューターゲームに関連したイベントの配信である。配信内容はライブ放送が終了した後でも視聴可能である。,twitch.png
twitter,{{infobox dotcom company,twitter.png
typeform,N/A,typeform.png
typescript,N/A,typescript.png
ubuntu,Ubuntu（ウブントゥ、国際音声記号{{IPA|ʊˈbʊntuː}}; oo-BOON-too）は、Debian GNU/Linuxをベースとしたオペレーティングシステム (OS) である。Linuxディストリビューションの1つであり、自由なソフトウェアとして提供されている。,ubuntu.png
udacity,N/A,udacity.png
udemy,N/A,udemy.png
uikit,N/A,uikit.png
unbounce,N/A,unbounce.png
undertow,N/A,undertow.png
unionpay,N/A,unionpay.png
unitjs,N/A,unitjs.png
unito,N/A,unito.png
unity,"ユニティ、ユナイティ (UNITY, Unity, unity)",unity.png
upcase,N/A,upcase.png
upwork,N/A,upwork.png
user testing,N/A,user-testing.png
uservoice,N/A,uservoice.png
v8,V8（ブイエイト、ブイはち）,v8.png
vaadin,N/A,vaadin.png
vaddy,N/A,vaddy.png
vagrant,N/A,vagrant.png
vault,N/A,vault.png
vernemq,N/A,vernemq.png
victorops,N/A,victorops.png
vim,Vim（ヴィム。「ヴィアイエム」という読み方は誤り）は、vi から派生し、発展した高機能なテキストエディタである。,vim.png
vimeo,Vimeo（ヴィメオ、{{IPA-en|ˈvɪmiːoʊ|}}）は2004年11月に開始した動画共有サイト。運営者はジェイコブ・ロドウィック（Jakob Lodwick）、ザック・クライン（Zach Klein）、クナル・シャー（kunal shah）、アンドリュー・パイル（Andrew Pile）。表記は英語。インターネット上の人気サイト多数に投資している IAC/InterActiveCorp 社の子会社となっており、本社をアメリカ合衆国のニューヨークにあるIACビルに置く。いちはやく高精細度（HD）に対応した画質の良さから、映像作家、インディーズ映画監督、クリエイター、デザイナーなどに人気を博している。,vimeo.png
vine,vine,vine.png
visa,VISA、ビザ,visa.png
visaelectron,N/A,visaelectron.png
visual studio,N/A,visual-studio.png
visual website optimizer,N/A,visual_website_optimizer.png
vivaldi,ヴィヴァルディまたはビバルディ（Vivaldi）は、イタリア人の姓。,vivaldi.png
void,,void.png
vue,{{更新|date=2011年9月}},vue.png
vulkan,Vulkan,vulkan.png
vultr,N/A,vultr.png
w3c,N/A,w3c.png
waffle,ワッフル（英語：waffle),waffle.png
wagtail,N/A,wagtail.png
wakatime,N/A,wakatime.png
weave,N/A,weave.png
webassembly,N/A,webassembly.png
webcomponents,N/A,webcomponents.png
webhooks,N/A,webhooks.png
webpack,N/A,webpack.png
webplatform,N/A,webplatform.png
webrtc,N/A,webrtc.png
websocket,N/A,websocket.png
webstorm,N/A,webstorm.png
webtask,N/A,webtask.png
webtorrent,N/A,webtorrent.png
weebly,,weebly.png
wercker,N/A,wercker.png
whalar,N/A,whalar.png
whatwg,N/A,whatwg.png
wicket,N/A,wicket.png
wifi,N/A,wifi.png
wire,N/A,wire.png
wiredtree,N/A,wiredtree.png
wix,WIX、Wix,wix.png
woocommerce,N/A,woocommerce.png
woopra,N/A,woopra.png
wordpress,WordPress（ワードプレス）は、オープンソースのブログソフトウェアである。PHP: Hypertext Preprocessor|PHPで開発されており、データベース管理システムとしてMySQLを利用している（後述のプラグインよりSQLiteでの使用も可能）。単なるブログではなくコンテンツマネージメントシステム|CMSとしてもしばしば利用されている。b2/cafelogというソフトウェアのフォーク（後継）として開発、2003年5月27日に初版がリリースされた。GNU General Public License (GPL) の下で配布されている。,wordpress.png
workboard,N/A,workboard.png
wpengine,N/A,wpengine.png
wufoo,N/A,wufoo.png
x ray goggles,N/A,x-ray-goggles.png
xamarin,"Xamarin（ザマリン）とは、2011年5月、Mono (ソフトウェア)|Mono、MonoTouch、Mono for Androidの開発者により設立された企業である<ref name=""miguel"">",xamarin.png
xampp,N/A,xampp.png
xero,N/A,xero.png
xplenty,N/A,xplenty.png
xtend,N/A,xtend.png
xwiki,N/A,xwiki.png
yahoo,"{{lang|en|Yahoo! Inc.}}（ヤフー）は、アメリカ合衆国のインターネット関連サービスの提供を行っていた企業の草分けの1つであり、検索エンジンをはじめとしたポータルサイトの運営企業であった<ref name=""asahi2017614"">{{Cite news ",yahoo.png
yammer,Yammer（ヤマー、またはヤンマー）は2008年9月にリリースされた、エンタープライズ向けのソーシャル・ネットワーク・サービス。Yammerは不特定多数にメッセージが公開されるTwitterと違い、組織内や組織のメンバーや指名されたグループの間でプライベートなコミュニケーションを取るために利用され、エンタープライズ向けのソーシャル・ソフトウェアの例として挙げられる。Yammerは元々エンタープライズ向けのミニブログサービスとしてリリースされ、その後完全なエンタープライズ向けのソーシャル・ネットワーキング・サービスとして発達を遂げた。2012年6月25日、マイクロソフトが12億アメリカ合衆国ドル|USドル（約950億円）で買収すると発表<ref name=yomiuri20120626>{{Cite news,yammer.png
yandex ru,N/A,yandex-ru.png
yarn,N/A,yarn.png
ycombinator,N/A,ycombinator.png
yeoman,N/A,yeoman.png
yii,"Yii は、オープンソース で作成されたオブジェクト指向のソフトウェアコンポーネント|コンポーネントベースなModel View Controller|MVCのPHP: Hypertext Preprocessor|PHPで書かれたWebアプリケーションフレームワークである。Yiiの発音は[ji:]""イー""で、名称は「簡単：Easy)」 ・「効率的：(Efficient)」 ・「高拡張性：Extensible)」を表しているとしている。また、Yiiの綴り字|スペルは「Yes It Is!（はい、それです！）」の頭文字より名付けられた。",yii.png
youtrack,N/A,youtrack.png
youtube,YouTube（ユーチューブ）は、アメリカ合衆国カリフォルニア州サンブルーノの動画共有サービス。Youは「あなた」、Tubeは「ブラウン管」（すなわち「テレビ受像機|テレビ」）という意味である。,youtube.png
zapier,N/A,zapier.png
zend framework,N/A,zend-framework.png
zendesk,Zendeskは米国カリフォルニア州サンフランシスコ市をに本社拠点をおく、ソフトウェア開発会社である。Zendeskと呼ばれるクラウド型カスタマーサービスプラットフォームを製品として提供し、チケット（問合せ案件）管理、セルフサービス、アフターサポート機能などのソリューションをもつことを特徴とする。 2007年に設立され、現時点で社員が約500人、Zendeskは140カ国にある4万社以上の顧客に活用されている。,zendesk.png
zenhub,N/A,zenhub.png
zest,N/A,zest.png
zigbee,N/A,zigbee.png
zoho,Zoho（ぞーほー）は、World Wide Web|ウェブベースのオンラインアプリケーションサービスである。この項では開発・サポートを行っているZOHO Corp.やZOHO JAPAN Corp.についても記載する。,zoho.png
zube,N/A,zube.png
zulip,N/A,zulip.png
zwave,N/A,zwave.png
